<?xml version="1.0" encoding="UTF-8"?>
<metadata xml:lang="es"><Esri><CreaDate>20140827</CreaDate><CreaTime>09484400</CreaTime><ArcGISFormat>1.0</ArcGISFormat><SyncOnce>TRUE</SyncOnce><DataProperties><lineage><Process ToolSource="c:\program files (x86)\arcgis\desktop10.1\ArcToolbox\Toolboxes\Analysis Tools.tbx\Clip" Date="20140827" Time="094844">Clip "perfilv12 Events" limite "J:\USUARIOS\CONABIO\EJERCICIOS_inferencia espacial\Usobiodiv\recorte\data.shp" #</Process></lineage></DataProperties></Esri></metadata>
