<PAMDataset>
  <Metadata />
  <Metadata domain="Esri">
    <MDI key="PyramidResamplingType">NEAREST</MDI>
  </Metadata>
  <PAMRasterBand band="1">
    <Histograms>
      <HistItem>
        <HistMin>-0.5</HistMin>
        <HistMax>92.5</HistMax>
        <BucketCount>93</BucketCount>
        <IncludeOutOfRange>1</IncludeOutOfRange>
        <Approximate>0</Approximate>
        <HistCounts>0|7|13|32|59|66|152|245|202|236|359|12097|77|82|706|71|38|52|46|34|36|44|32|44|52|40|31|56|395|80|37|29|30|19|32|24|26|40|22|36|13|21|18|26|22|24|29|16|21|32|19|23|13|27|31|26|32|29|29|27|34|29|76|35|28|29|37|39|37|28|54|285|18008|776|17785|358|342|290|282|294|15865|422|917|118|72|81|30|25|15|9|4|11|3</HistCounts>
      </HistItem>
    </Histograms>
    <Metadata>
      <MDI key="STATISTICS_MINIMUM">1</MDI>
      <MDI key="STATISTICS_MAXIMUM">92</MDI>
      <MDI key="STATISTICS_MEAN">61.489135377196</MDI>
      <MDI key="STATISTICS_STDDEV">26.255644155992</MDI>
      <MDI key="STATISTICS_COVARIANCES">689.35885004609</MDI>
    </Metadata>
  </PAMRasterBand>
</PAMDataset>
