<PAMDataset>
  <Metadata>
    <MDI key="DataType">Generic</MDI>
  </Metadata>
  <Metadata domain="Esri">
    <MDI key="PyramidResamplingType">NEAREST</MDI>
  </Metadata>
  <PAMRasterBand band="1">
    <Histograms>
      <HistItem>
        <HistMin>-0.5</HistMin>
        <HistMax>62.5</HistMax>
        <BucketCount>63</BucketCount>
        <IncludeOutOfRange>1</IncludeOutOfRange>
        <Approximate>0</Approximate>
        <HistCounts>0|25|4084|18550|19007|19400|18720|15385|12894|12640|12255|11626|11474|10942|10042|10032|9767|8577|7172|5593|4268|3179|2623|2183|1876|1747|1524|1313|1257|1160|1084|1076|972|886|853|788|703|673|616|615|518|538|554|536|497|498|488|465|389|448|442|390|323|325|263|201|134|81|43|23|7|2|1</HistCounts>
      </HistItem>
    </Histograms>
    <Metadata>
      <MDI key="STATISTICS_MINIMUM">1</MDI>
      <MDI key="STATISTICS_MAXIMUM">62</MDI>
      <MDI key="STATISTICS_MEAN">12.333291461725</MDI>
      <MDI key="STATISTICS_STDDEV">9.3651360457909</MDI>
      <MDI key="STATISTICS_COVARIANCES">87.7057731561722</MDI>
    </Metadata>
  </PAMRasterBand>
</PAMDataset>
