<PAMDataset>
  <Metadata>
    <MDI key="DataType">Generic</MDI>
  </Metadata>
  <Metadata domain="Esri">
    <MDI key="PyramidResamplingType">NEAREST</MDI>
  </Metadata>
  <PAMRasterBand band="1">
    <Histograms>
      <HistItem>
        <HistMin>-0.5</HistMin>
        <HistMax>58.5</HistMax>
        <BucketCount>59</BucketCount>
        <IncludeOutOfRange>1</IncludeOutOfRange>
        <Approximate>0</Approximate>
        <HistCounts>0|0|0|0|0|0|0|0|0|0|0|0|0|0|0|0|0|0|0|9|49|118|180|295|416|884|769|1016|1134|1464|1890|2353|2901|3785|4598|5643|6386|7248|8343|10124|11482|13091|15640|17876|20161|21470|21465|21415|20674|18923|14133|9003|4366|1816|600|134|29|17|6</HistCounts>
      </HistItem>
    </Histograms>
    <Metadata>
      <MDI key="STATISTICS_MINIMUM">19</MDI>
      <MDI key="STATISTICS_MAXIMUM">58</MDI>
      <MDI key="STATISTICS_MEAN">43.394820268769</MDI>
      <MDI key="STATISTICS_STDDEV">5.6522195944606</MDI>
      <MDI key="STATISTICS_COVARIANCES">31.9475863440044</MDI>
    </Metadata>
  </PAMRasterBand>
</PAMDataset>
