<PAMDataset>
  <Metadata>
    <MDI key="DataType">Generic</MDI>
  </Metadata>
  <Metadata domain="Esri">
    <MDI key="PyramidResamplingType">NEAREST</MDI>
  </Metadata>
  <PAMRasterBand band="1">
    <Histograms>
      <HistItem>
        <HistMin>-3</HistMin>
        <HistMax>34</HistMax>
        <BucketCount>256</BucketCount>
        <IncludeOutOfRange>1</IncludeOutOfRange>
        <Approximate>0</Approximate>
        <HistCounts>2|0|0|0|0|0|4|0|0|0|0|0|0|2|0|0|0|0|0|0|5|0|0|0|0|0|0|7|0|0|0|0|0|0|15|0|0|0|0|0|0|18|0|0|0|0|0|0|36|0|0|0|0|0|0|83|0|0|0|0|0|0|194|0|0|0|0|0|249|0|0|0|0|0|0|467|0|0|0|0|0|0|681|0|0|0|0|0|0|1130|0|0|0|0|0|0|1529|0|0|0|0|0|0|1940|0|0|0|0|0|0|2661|0|0|0|0|0|0|3561|0|0|0|0|0|0|4937|0|0|0|0|0|6624|0|0|0|0|0|0|9538|0|0|0|0|0|0|12232|0|0|0|0|0|0|15015|0|0|0|0|0|0|17920|0|0|0|0|0|0|20907|0|0|0|0|0|0|24564|0|0|0|0|0|0|28105|0|0|0|0|0|0|29230|0|0|0|0|0|29723|0|0|0|0|0|0|27317|0|0|0|0|0|0|19935|0|0|0|0|0|0|9406|0|0|0|0|0|0|3046|0|0|0|0|0|0|653|0|0|0|0|0|0|142|0|0|0|0|0|0|14|0|0|0|0|0|0|1|0|0|0|0|0|0|1</HistCounts>
      </HistItem>
    </Histograms>
    <Metadata>
      <MDI key="STATISTICS_MINIMUM">-3</MDI>
      <MDI key="STATISTICS_MAXIMUM">34</MDI>
      <MDI key="STATISTICS_MEAN">22.253006686429</MDI>
      <MDI key="STATISTICS_STDDEV">4.0097018059928</MDI>
      <MDI key="STATISTICS_COVARIANCES">16.0777085729822</MDI>
    </Metadata>
  </PAMRasterBand>
</PAMDataset>
