<PAMDataset>
  <Metadata>
    <MDI key="DataType">Generic</MDI>
  </Metadata>
  <Metadata domain="Esri">
    <MDI key="PyramidResamplingType">NEAREST</MDI>
  </Metadata>
  <PAMRasterBand band="1">
    <Histograms>
      <HistItem>
        <HistMin>-0.5</HistMin>
        <HistMax>43.5</HistMax>
        <BucketCount>44</BucketCount>
        <IncludeOutOfRange>1</IncludeOutOfRange>
        <Approximate>0</Approximate>
        <HistCounts>0|0|0|0|0|0|0|0|0|0|0|0|0|0|55|284|561|766|827|1181|1580|2552|3066|3992|5351|7321|9257|10886|12712|14788|19276|22547|25753|26381|25306|21788|18071|14928|11210|6830|3729|856|51|1</HistCounts>
      </HistItem>
    </Histograms>
    <Metadata>
      <MDI key="STATISTICS_MINIMUM">14</MDI>
      <MDI key="STATISTICS_MAXIMUM">43</MDI>
      <MDI key="STATISTICS_MEAN">31.688256235611</MDI>
      <MDI key="STATISTICS_STDDEV">4.5775903553465</MDI>
      <MDI key="STATISTICS_COVARIANCES">20.9543334613617</MDI>
    </Metadata>
  </PAMRasterBand>
</PAMDataset>
