<PAMDataset>
  <Metadata>
    <MDI key="DataType">Generic</MDI>
  </Metadata>
  <Metadata domain="Esri">
    <MDI key="PyramidResamplingType">NEAREST</MDI>
  </Metadata>
  <PAMRasterBand band="1">
    <Histograms>
      <HistItem>
        <HistMin>-0.5</HistMin>
        <HistMax>11.5</HistMax>
        <BucketCount>12</BucketCount>
        <IncludeOutOfRange>1</IncludeOutOfRange>
        <Approximate>0</Approximate>
        <HistCounts>0|0|952|4250|26199|60051|97479|65861|16041|1003|45|25</HistCounts>
      </HistItem>
    </Histograms>
    <Metadata>
      <MDI key="STATISTICS_MINIMUM">2</MDI>
      <MDI key="STATISTICS_MAXIMUM">11</MDI>
      <MDI key="STATISTICS_MEAN">5.8979426713644</MDI>
      <MDI key="STATISTICS_STDDEV">1.1440675848716</MDI>
      <MDI key="STATISTICS_COVARIANCES">1.30889063875383</MDI>
    </Metadata>
  </PAMRasterBand>
</PAMDataset>
