<PAMDataset>
  <Metadata>
    <MDI key="DataType">Generic</MDI>
  </Metadata>
  <Metadata domain="Esri">
    <MDI key="PyramidResamplingType">NEAREST</MDI>
  </Metadata>
  <PAMRasterBand band="1">
    <Histograms>
      <HistItem>
        <HistMin>-5</HistMin>
        <HistMax>26</HistMax>
        <BucketCount>256</BucketCount>
        <IncludeOutOfRange>1</IncludeOutOfRange>
        <Approximate>0</Approximate>
        <HistCounts>6|0|0|0|0|0|0|0|10|0|0|0|0|0|0|0|14|0|0|0|0|0|0|0|23|0|0|0|0|0|0|0|3|0|0|0|0|0|0|0|0|78|0|0|0|0|0|0|0|171|0|0|0|0|0|0|0|342|0|0|0|0|0|0|0|799|0|0|0|0|0|0|0|0|1478|0|0|0|0|0|0|0|3569|0|0|0|0|0|0|0|5363|0|0|0|0|0|0|0|6959|0|0|0|0|0|0|0|9384|0|0|0|0|0|0|0|0|12198|0|0|0|0|0|0|0|19146|0|0|0|0|0|0|0|31234|0|0|0|0|0|0|0|31255|0|0|0|0|0|0|0|0|27160|0|0|0|0|0|0|0|22359|0|0|0|0|0|0|0|20508|0|0|0|0|0|0|0|14803|0|0|0|0|0|0|0|9449|0|0|0|0|0|0|0|0|9854|0|0|0|0|0|0|0|18063|0|0|0|0|0|0|0|10328|0|0|0|0|0|0|0|5037|0|0|0|0|0|0|0|0|5255|0|0|0|0|0|0|0|4522|0|0|0|0|0|0|0|2085|0|0|0|0|0|0|0|352|0|0|0|0|0|0|0|0|45</HistCounts>
      </HistItem>
    </Histograms>
    <Metadata>
      <MDI key="STATISTICS_MINIMUM">-5</MDI>
      <MDI key="STATISTICS_MAXIMUM">26</MDI>
      <MDI key="STATISTICS_MEAN">13.560415225932</MDI>
      <MDI key="STATISTICS_STDDEV">4.2928834058583</MDI>
      <MDI key="STATISTICS_COVARIANCES">18.4288479362934</MDI>
    </Metadata>
  </PAMRasterBand>
</PAMDataset>
